${0},,
"${0} ${1} already exists.","${0} ${1} موجودة من قبل.",
"${0} ${1} does not exist","${0} ${1} غير موجود",
"${0} ${1} has been modified after loading please reload entry.","${0} ${1} تم تعديله بعد التحميل يرجى إعادة تحميل الإدخال.",
"${0} ${1} is linked with existing records.","${0} ${1} مرطبت بسجل موجود.",
"${0} account not set in Inventory Settings.","${0} لم يتم تعيين الحساب في إعدادات المخزون.",
"${0} already saved","${0} تم حفظ بالفعل",
"${0} already submitted","${0} تم الارسال بالفعل",
"${0} cancelled","${0} تم الالغاء",
"${0} cannot be cancelled","${0} لا يمكن الالغاء",
"${0} cannot be deleted","${0} لا يمكن الحذف",
"${0} deleted","${0} تم الحذف",
"${0} entries failed","${0} فشل الادخال",
"${0} entries imported","${0} الإدخالات المستوردة",
"${0} entry failed","${0} فشل الإدخال",
"${0} entry imported","${0} الإدخال مستورد",
"${0} fields selected","${0} الحقول المحددة",
"${0} filters applied","${0} تم تطبيق الفيلتر",
"${0} has linked child accounts.","${0} لديه حسابات فرعية مرتبطة.",
"${0} of type ${1} does not exist","${0} من النوع ${1} غير موجود",
"${0} out of ${1}","${0} من ${1}",
"${0} party ${1} is different from ${2}",,
"${0} quantity 1 added.","تمت إضافة الكمية ${0} 1.",
"${0} row added.","تمت إضافة صف ${0}.",
"${0} rows","${0} صفًا",
"${0} rows added.","تمت إضافة ${0} صفًا.",
"${0} saved","تم حفظ ${0}",
"${0} shortcuts","اختصارات ${0}",
"${0} stored at ${1}","تم تخزين ${0} في ${1}",
"${0} submitted","تم الترحيل ${0}",
"${0} value ${1} does not exist.","القيمة ${0} ${1} غير موجودة.",
0%,,
03-23-2022,,
03/23/2022,,
"1 filter applied","تم تطبيق فلتر واحد",
2022-03-23,,
"23 Mar, 2022",,
23-03-2022,,
23.03.2022,,
23/03/2022,,
9888900000,,
"A submittable entry is deleted only if it is in the cancelled state.","سيتم حذف الإدخال القابل للإرسال فقط إذا كان في حالة الإلغاء.",
Account,الحساب,
"Account ${0} does not exist.","الحساب ${0} غير موجود.",
"Account Entries","إدخالات الحساب",
"Account Name","اسم الحساب",
"Account Type","نوع الحساب",
Accounting,الحسابات,
"Accounting Entries","القيود المحاسبية",
"Accounting Ledger Entry","قيد دفتر المحاسبة",
"Accounting Settings","إعدادات المحاسبة",
Accounts,الحسابات,
"Accounts Payable","الحسابات الدائنة",
"Accounts Receivable","حسابات القبض",
"Accumulated Depreciation","الاستهلاك المتراكم",
Action,الإجراء,
Active,نشط,
"Add Account","إضافة حساب",
"Add Customers","إضافة العملاء",
"Add Group","إضافة مجموعة",
"Add Items","إضافة عناصر",
"Add Row","إضافة صف",
"Add Suppliers","إضافة الموردين",
"Add Taxes","إضافة ضرائب",
"Add a few customers to create your first sales invoice","أضف بعض العملاء لإنشاء فاتورة المبيعات الأولى الخاصة بك",
"Add a few suppliers to create your first purchase invoice","أضف بعض الموردين لإنشاء فاتورة الشراء الأولى الخاصة بك",
"Add a filter","إضافة تصفية",
"Add a remark","أضف ملاحظة",
"Add attachment","  أضف مرفق",
"Add invoice terms","إضافة شروط الفاتورة",
"Add products or services that you buy from your suppliers","أضف المنتجات أو الخدمات التي تشتريها من الموردين لديك",
"Add products or services that you sell to your customers","أضف المنتجات أو الخدمات التي تبيعها لعملائك",
"Add transfer terms","إضافة شروط النقل",
"Add'l Discounts","خصومات إضافية",
"Additional ${0} Serial Numbers required for ${1} quantity of ${2}.","مطلوب أرقام تسلسلية إضافية بقيمة ${0} لكمية ${1} من ${2}.",
"Additional quantity (${0}) required${1} to make outward transfer of item ${2} from ${3} on ${4}","الكمية الإضافية (${0}) المطلوبة${1} لإجراء تحويل خارجي للعنصر ${2} من ${3} إلى ${4}",
Address,العنوان,
"Address Display","عرض العنوان",
"Address Line 1","سطر العنوان 1",
"Address Line 2","سطر العنوان 2",
"Address Name","اسم العنوان",
"Administrative Expenses","مصاريف إدارية",
All,الكل,
Amount,المبلغ,
"Amount Paid","المبلغ المدفوع",
"Amount: ${0} and writeoff: ${1} is less than the total amount allocated to references: ${2}.","المبلغ: ${0} والشطب: $ {1} أقل من إجمالي المبلغ المخصص للمراجع: $ {2} .",
"Amount: ${0} is less than the total amount allocated to references: ${1}.","المبلغ: ${0} أقل من إجمالي المبلغ المخصص للمراجع: $ {1} ",
Amounts,"  المجموع",
"An entry is cancelled only if it is in the submitted state.","سيتم إلغاء الإدخال فقط إذا كان في حالة الإرسال.",
"An entry is submitted only if it is submittable and is in the saved state.","سيتم إرسال الإدخال فقط إذا كان قابلاً للإرسال وكان في حالة محفوظة.",
"An error occurred.","حدث خطأ",
"Applicable anywhere in Frappe Books","يمكن تطبيقه في أي مكان في برنامج المحاسبة",
"Applicable when Quick Search is open","ينطبق عند فتح البحث السريع",
"Applicable when Template Builder is open",,
"Applicable when a entry is open in the Form view or Quick Edit view","ينطبق عند فتح إدخال في عرض النموذج أو عرض التحرير السريع",
"Applicable when the List View of an entry type is open","ينطبق عندما تكون قائمة عرض نوع الإدخال مفتوحة",
"Application of Funds (Assets)","تطبيق الأموال (الأصول)",
"Apply Discount After Tax","تطبيق الخصم بعد خصم الضرائب",
"Apply and view changes made to the print template","تطبيق وعرض التغييرات التي تم إجراؤها على قالب الطباعة",
April,ابريل,
Arial,,
"Ascending Order","  ترتيب تصاعدي",
Asset,الأصول,
"Attach Image","إرفاق صورة",
Attachment,"  المرفقات",
August,أغسطس,
"Auto Payments"," خاصية الدفع التلقائي",
"Auto Stock Transfer"," خاصية نقل المنتجات تلقائيًا بين المخازن",
Autocomplete,الإكمال التلقائي,
Back,رجوع,
"Back Reference","المرجع الخلفي",
"Bad import data, could not read file.","بيانات الاستيراد سيئة، لا يمكن قراءة الملف.",
Balance,الرصيد,
"Balance Amount","مبلغ الرصيد",
"Balance Sheet","تقرير الميزانية",
Bank,بنك,
"Bank Accounts","حسابات بنكية",
"Bank Entry","ادخالات البنوك",
"Bank Name","اسم البنك",
"Bank Overdraft Account","حساب مصرفي السحب على المكشوف",
Barcode," الباركود",
"Base Grand Total"," اجمالي المبلغ  ",
"Based On","على اساس",
Batch,حزمة,
"Batch not set for row ${0}.","لم يتم تعيين الدفعة للصف ${0}.",
"Batch set for row ${0}.","تم تعيين الدفعة للصف ${0}.",
"Bill Created","الفاتورة أنشأت",
Billing,"عملية الفوترة",
Black,أسود,
Blue,ازرق,
Both,كلاهما,
"Both From and To Location cannot be undefined","لا يمكن إلغاء تحديد الموقع من وإلى",
Buildings,المباني,
Cancel,إلغاء,
"Cancel ${0}?","إلغاء ${0}؟",
"Cancel or Delete an entry.","إلغاء أو حذف إدخال.",
Cancelled,ملغاة,
"Cannot Commit Error","لا يمكن ارتكاب الخطأ",
"Cannot Delete","لا يمكن الحذف",
"Cannot Delete Account","لا يمكن حذف الحساب",
"Cannot Export","لا يمكن التصدير",
"Cannot Import","لا يمكن الاستيراد",
"Cannot Open File","لا يمكن فتح الملف",
"Cannot cancel ${0} ${1} because of the following ${2}: ${3}","لا يمكن إلغاء ${0} ${1} بسبب ${2} التالي: ${3}",
"Cannot cancel ${0} because of the following ${1}: ${2}","لا يمكن إلغاء ${0} بسبب ${1} التالي: ${2}",
"Cannot delete ${0} ""${1}"" because of linked entries.","لا يمكن حذف ${0} ""${1}"" بسبب الإدخالات المرتبطة.",
"Cannot open file","لا يمكن فتح الملف",
"Cannot perform operation.","Cannot perform operation.",
"Cannot read file","لا يمكن قراءة الملف",
"Capital Equipments","معدات رأس المال",
"Capital Stock","رأس المال",
Cash,نقد,
"Cash Denominations","الفئات النقدية",
"Cash Entry","قيود النقدية",
"Cash In Hand","نقدا في اليد",
Cashflow,"التدفق النقدي",
"Central Tax","الضرائب المركزية",
"Change DB","تغيير قاعدة البيانات ",
"Change File","تغيير الملف",
"Change Ref Type","تغير نوع المرجع",
"Changes made to settings will be visible on reload.","ستكون التغييرات التي تم إجراؤها على الإعدادات مرئية عند إعادة التحميل.",
Chargeable,"قابلة للخصم",
"Chart Of Accounts Reviewed","مراجعة دليل الحسابات",
"Chart of Accounts","دليل الحسابات",
Check,تحقق,
Cheque,"شيك مصرفى",
"City / Town","المدينة / البلدة",
Clear,مسح,
"Clearance Date","تاريخ التخليص",
Close,إغلاق,
"Close Frappe Books and try manually.",".أغلق برنامج المحاسبة وحاول يدويًا",
"Close POS Shift","إغلاق نقطة البيع",
"Close Quick Search","إغلاق البحث السريع",
Closing,اغلاق,
"Closing ${0} Amount can not be negative.","لا يمكن أن يكون مبلغ الإغلاق ${0} سلبيًا.",
"Closing (Cr)","(Cr) إغلاق",
"Closing (Dr)","(Dr) إغلاق",
"Closing Amount","المبلغ الختامي",
"Closing Cash In Denominations","إغلاق النقد بالفئات",
"Closing Date","تاريخ الإغلاق",
Collapse,طي,
Color,اللون,
"Commission on Sales","عمولة على المبيعات",
Common,عام,
Company,شركة,
"Company Logo","شعار الشركة",
"Company Name","اسم الشركة",
"Company Setup","إعداد الشركة",
Completed,مكتمل,
Condition,شرط,
"Consolidate Columns","دمج الاعمدة",
Contacts,"  بيانات الاتصال",
Contains,يحتوي,
"Continue submitting Sales Invoice?","هل تريد الاستمرار في تقديم فاتورة المبيعات؟",
"Contra Entry",,
"Conversion Error",,
"Conversion Factor","عامل التحويل",
"Cost Of Goods Sold Acc."," حساب تكلفة البضاعة المباعة ",
"Cost of Goods Sold","تكلفة البضائع المباعة",
"Could not connect to database file ${0}, please select the file manually","لم نتمكن من الاتصال بملف قاعدة البيانات ${0}، يرجى تحديد الملف يدويًا",
Count,عدد,
"Counter Cash Account","حساب النقد",
Country,البلد,
"Country Code","كود البلد",
"Country code used to initialize regional settings.","كود البلد يستخدم لتثبت اعدادات الاقليمية",
Courier,ساعي,
Cr.,,
"Cr. ${0}",,
Create,إنشاء,
"Create Demo","انشاء نموذج تجريبي",
"Create Purchase","انشاء مشتريات",
"Create Purchase Invoice","إنشاء فاتورة الشراء",
"Create Sale","انشاء مبيعات",
"Create Sales Invoice","إنشاء فاتورة المبيعات",
"Create a demo company to try out Frappe Books","إنشاء شركة تجريبية لتجربة برنامج accounting",
"Create a new company and store it on your computer","إنشاء شركة جديدة وتخزينها على جهاز الكمبيوتر الخاص بك",
"Create a new company or select an existing one from your computer","إنشاء شركة جديدة أو تحديد شركة موجودة من جهاز الكمبيوتر الخاص بك",
"Create a new entry of the same type as the List View","إنشاء إدخال جديد من نفس نوع عرض القائمة",
"Create new ${0} entry?","إنشاء إدخال جديد ${0}؟",
"Create your first purchase invoice from the created supplier","قم بإنشاء فاتورة الشراء الأولى الخاصة بك من المورد الذي قمت بإنشائه",
"Create your first sales invoice for the created customer","قم بإنشاء فاتورة المبيعات الأولى للعميل الذي قمت بإنشائه",
Created,"تم الانشاء",
"Created By","تم الانشاء بواسطة",
"Creating Items and Parties","انشاء الاصناف والعناصر",
"Creating Journal Entries","انشاء قيد يومية",
"Creating Purchase Invoices","انشاء فاتورة مشتريات",
Credit,دائن,
"Credit Card Entry","إدخال بطاقة الائتمان",
"Credit Note","اشعار دائن",
Creditors,الدائنون,
Currency,العملة,
"Currency Name","اسم العملة",
Current,الحالي,
"Current Assets","الأصول الحالية",
"Current Liabilities","الخصوم المتداولة",
"Custom Field","حقل مخصص",
"Custom Fields","الحقول المخصصة",
"Custom Form","نموذج مخصص",
"Custom Hex","سداسي مخصص",
Customer,الزبون,
"Customer Created","خلق العميل",
"Customer Currency","عملة العميل",
Customers,العملاء,
Customizations,"  التهيئة",
"Customize Form","تخصيص النموذج",
"Customize your invoices by adding a logo and address details","تخصيص الفاتورة باضافة الشعار وتفاصيل العنوان",
Dashboard,"لوحة القيادة",
Data,بيانات,
"Database Error","خطأ في قاعدة البيانات",
"Database file: ${0}","ملف قاعدة البيانات: ${0}",
Date,التاريخ,
"Date Format","تنسيق التاريخ",
"Date Time","التاريخ والوقت",
Day,اليوم,
Debit,مدين,
"Debit Note","أشعار مدين",
Debtors,المدينون,
December,ديسمبر,
"Decrease print template display scale","تقليل مقياس عرض قالب الطباعة",
Default,افتراضي,
"Default Account","الحساب الافتراضي",
"Default Cash Denominations","الفئات النقدية الافتراضية",
"Default Location"," الموقع الافتراضي",
Defaults,"الاعدادات الافتراضية ",
Delete,حذف,
"Delete ${0}?","حذف ${0}?",
"Delete Account","حذف الحساب",
"Delete Failed","فشل الحذف",
"Delete Group","حذف المجموعة",
Delivered,"تم التسليم",
Denomination,فئة,
Depreciation,إهلاك,
"Depreciation Entry","ادخال قيد الاهلاك",
Description,الوصف,
Details,التفاصيل,
"Difference Amount","مبلغ الفرق",
"Direct Expenses","المصاريف المباشرة",
"Direct Income","الدخل المباشر",
"Directory for database file ${0} does not exist, please select the file manually","الدليل الخاص بملف قاعدة البيانات ${0} غير موجود، يرجى تحديد الملف يدويًا",
Disabled,معطل,
"Discount Account"," حساب الخصم",
"Discount Account is not set.","حساب الخصم غير محدد.",
"Discount Amount","مبلغ الخصم",
"Discount Amount (${0}) cannot be greated than Amount (${1}).","لا يمكن أن يكون مبلغ الخصم (${0}) أكبر من المبلغ (${1}).",
"Discount Percent","نسبة الخصم",
"Discount Percent (${0}) cannot be greater than 100.","لا يمكن أن تكون نسبة الخصم (${0}) أكبر من 100.",
"Discounted Amount","المبلغ المخصوم",
Discounts," الخصومات",
"Display Doc",,
"Display Logo in Invoice","عرض الشعار في الفاتورة",
"Display Precision","دقة العرض",
"Display Precision should have a value between 0 and 9.","دقة العرض يجب أن تكون لها قيمة بين 0 و 9.",
"Display Scale","مقياس العرض",
"Dividends Paid","توزيعات أرباح مدفوعة",
"Doc ${0} ${1} not set","المستند ${0} ${1} غير محدد",
Docs,,
Documentation,التوثيق,
"Does Not Contain","لا يحتوي",
Done,تم,
Dr.,,
"Dr. ${0}",,
Draft,مسودة,
Duplicate,"نسخة مطابقة تكرار",
"Duplicate Entry","دخول مكرر",
"Duplicate Template","قالب مكرر",
"Duplicate columns found: ${0}","تم العثور على أعمدة مكررة: ${0}",
"Duties and Taxes","الرسوم والضرائب",
"Dynamic Link","الرابط الديناميكي",
"Earnest Money","كسب المال",
"Electronic Equipments","معدات إلكترونية",
Email,"البريد الإلكتروني",
"Email Address","عنوان البريد الإلكتروني",
Empty,فارغ,
"Empty file selected","ملف فارغ محدد",
"Enable Barcodes","  تفعيل الباركود",
"Enable Batches","  تفعيل الباتش نمبر",
"Enable Discount Accounting"," تفعيل حساب الخصم",
"Enable Form Customization","تمكين تخصيص النموذج",
"Enable Inventory"," تفعيل المخزون",
"Enable Invoice Returns","تمكين فواتير المرتجعة",
"Enable Point of Sale","تمكين نقطة البيع",
"Enable Price List"," تفعيل قائمة الاسعار",
"Enable Serial Number","  تفعيل السريال نمبر",
"Enable Stock Returns","تمكين مرتجعات المخزون",
"Enable UOM Conversion"," تفعيل إمكانية تحويل وحدات القياس",
Enabled,"مفعل  ",
"Enabled For","مفعل  ل ",
"Enter Country to load States","اختار الدولة حتى يتم تحميل  المدن",
"Enter State","ادخل  المدينة",
"Enter barcode","أدخل الباركود",
"Entertainment Expenses","مصاريف ترفيه",
Entry,ادخال,
"Entry Currency","ادخال عملة",
"Entry Label","علامة الإدخال",
"Entry No","رقم الإدخال",
"Entry No.","رقم الدخول",
"Entry Type","نوع الإدخال",
"Entry has Grand Total ${0}. Please verify amounts.","يبلغ المجموع الإجمالي للمدخل ${0}. يرجى التحقق من المبالغ.",
Equity,"حقوق الملكية",
Error,خطأ,
"Exchange Gain/Loss","مكاسب / خسارة الصرف",
"Exchange Rate","سعر الصرف",
"Excise Entry","إدخال الضرائب",
"Existing Company","شركة موجود",
Expand,توسيع,
"Expected Amount","المبلغ المتوقع",
Expense,المصاريف,
"Expense Account","حساب المصروف",
Expenses,المصروفات,
"Expenses Included In Valuation","المصروفات المدرجة في التقييم",
"Expiry Date","تاريخ انتهاء الصلاحية",
Export,تصدير,
"Export Failed","فشل التصدير",
"Export Format","تنسيق التصدير",
"Export Successful","تم التصدير بنجاح",
"Export Wizard","معالج التصدير",
Failed,فشل,
Fax,فاكس,
Features," الخصائص",
February,فبراير,
Field,الحقل,
Fieldname,"اسم المجال",
"Fieldname ${0} already exists for ${1}","اسم الحقل ${0} موجود بالفعل لـ ${1}",
"Fieldname ${0} already used for Custom Field ${1}","تم استخدام اسم الحقل ${0} بالفعل للحقل المخصص ${1}",
Fieldtype,"نوع الحقل",
"File ${0} does not exist.","الملف ${0} غير موجود.",
"File selection failed","فشل اختيار الملف",
Fill,تعبئة,
Filter," التصفية",
"Fiscal Year","السنة المالية",
"Fiscal Year End Date","تاريخ نهاية السنة المالية",
"Fiscal Year Start Date","تاريخ بدء السنة المالية",
"Fix Failed","فشل الإصلاح",
"Fixed Asset","الاصول الثابنة",
"Fixed Assets","الأصول الثابتة",
Float,يطفو,
"Following cells have errors: ${0}.","تحتوي الخلايا التالية على أخطاء: ${0}.",
"Following links do not exist: ${absentLinks .map((l) =>","الروابط التالية غير موجودة: ${absentLinks .map((l) =>",
Font,الخط,
"For Purchase","للشراء",
"For Sales","للمبيعات",
"Forbidden Error","خطأ ممنوع",
"Form Section","قسم النموذج",
"Form Tab","علامة التبويب النموذج",
"Form Type","نوع النموذج",
Fr,,
Fraction,كسر,
"Fraction Units","وحدات الكسر",
"Frappe Books does not have access to the selected file: ${0}","لا يتوفر لنظام المحاسبة إمكانية الوصول إلى الملف المحدد: ${0}",
"Freight and Forwarding Charges","مصاريف الشحن",
From,من,
"From Account","من الحساب",
"From Date","من تاريخ",
"From Loc.","من الموقع",
"From Year","من سنة",
"Full Name","الاسم الكامل",
"Furnitures and Fixtures","الأثاث والتجهيزات",
GST,"ضريبة المبيعات",
"GSTIN No.","رقم GSTIN.",
GSTR1,,
GSTR2,,
"Gain/Loss on Asset Disposal","الربح / الخسارة من التصرف في الأصول",
General,عام,
"General Ledger","تقرير الاستاذ العام",
"Get Started",ابدأ,
Global,عالمي,
"Go back to the previous page","العودة إلى الصفحة السابقة",
Gram,جرام,
"Grand Total","المجموع الكلي",
"Greater Than","أكبر من",
Green,اخضر,
"Group By","  تجميع حسب",
HSN/SAC,,
"HSN/SAC Code",,
"Half Yearly","نصف سنوى",
"Half Years","نصف سنة",
"Has Batch","يحتوي على دفعة",
"Has Serial Number","يحتوي على رقم تسلسلي",
"Height (in cm)","الارتفاع (بالسم)",
Help, ,
"Hex Value","القيمة السداسية",
"Hidden values will be visible on Print on.","ستكون القيم المخفية مرئية عند الطباعة.",
"Hide Get Started","إخفاء قائمة البدء",
"Hide Group Amounts","إخفاء مجاميع المبالغ",
"Hide Month/Year","إخفاء الشهر/السنة",
"Hides the Get Started section from the sidebar. Change will be visible on restart or refreshing the app.","يخفي قسم البدء من الشريط الجانبي. سيكون التغيير مرئيًا عند إعادة التشغيل أو تحديث التطبيق",
Hour,ساعة,
INR,,
Image,صورة,
"Import Complete","تم الاستيراد",
"Import Data","استيراد البيانات",
"Import Data.","استيراد البيانات.",
"Import Type","نوع الاستيراد",
"Import Wizard"," استيراد البيانات",
"Importer not set, reload tool","لم يتم تعيين المستورد، أداة إعادة التحميل",
Inactive,غير نشط,
"Include Cancelled","  يتضمن الملغي",
Income,الدخل,
"Income Account","حساب الدخل",
"Increase print template display scale","زيادة مقياس عرض قالب الطباعة",
Indigo,,
"Indirect Expenses","مصاريف غير مباشرة",
"Indirect Income","الدخل غير المباشر",
Inflow,التدفق,
"Instance Id","معرف المثيل",
"Insufficient Quantity","كمية غير كافية",
"Insufficient Quantity.","الكمية غير كافية.",
"Insufficient Quantity. Item ${0} has only ${1} quantities available. you selected ${2}","الكمية غير كافية. العنصر ${0} لديه فقط ${1} كمية متاحة. لقد قمت بتحديد ${2}",
Int,,
"Intergrated Tax","ضريبة متكاملة",
"Internal Precision","الدقة الداخلية",
"Invalid Key Error","خطأ مفتاح غير صالح",
"Invalid Quantity for Item ${0}","كمية غير صالحة للعنصر ${0}",
"Invalid barcode value ${0}.","قيمة الرمز الشريطي غير صالحة ${0}.",
"Invalid value ${0} for ${1}","قيمة غير صالحة ${0} لـ ${1}",
"Invalid value found for ${0}","تم العثور على قيمة غير صالحة لـ ${0}",
Inventory,المخازن,
"Inventory Settings","إعدادات المخزون",
Investments,استثمارات,
Invoice,فاتورة,
"Invoice Created","الفاتورة المُنشأة",
"Invoice Date","تاريخ الفاتورة",
"Invoice Item","بند الفاتورة",
"Invoice No","رقم الفاتورة",
"Invoice No.","رقم الفاتورة",
"Invoice Value","قيمة الفاتورة",
Invoices,الفواتير,
Is,هل,
"Is Custom","هل هو مخصص",
"Is Empty",فارغ,
"Is Group","هل المجموعة / ريئسي",
"Is Landscape","هل هو منظر فعلي",
"Is Not",ليس,
"Is Not Empty","ليس فارغ",
"Is POS Shift Open","هل نقطة البيع مفتوحة",
"Is Price List Enabled","هل قائمة الأسعار ممكّنة",
"Is Required","مطلوب",
"is Required","مطلوب",
"Is Whole","هل جملة",
Item,صنف,
"Item ${0} has Zero Quantity","العنصر ${0} ليس له أي كمية",
"Item ${0} is a batched item","العنصر ${0} هو عنصر مجمع",
"Item ${0} is not a batched item","العنصر ${0} ليس عنصرًا مجمعًا",
"Item ${0} not in Stock","العنصر ${0} غير متوفر في المخزون",
"Item Description","وصف العنصر",
"Item Discounts","خصومات على العناصر",
"Item Name","اسم العنصر",
"Item Prices","أسعار العناصر",
"Item with From location not found","لم يتم العثور على العنصر الذي يحمل الموقع ",
"Item with To location not found","لم يتم العثور على العنصر الذي يحمل الموقع",
"Item with barcode ${0} not found.","لم يتم العثور على العنصر الذي يحمل الرمز الشريطي ${0}.",
Items,"عناصر المخزون",
January,يناير,
"John Doe","احمد جون",
"Journal Entries","مدخلات اليومية",
"Journal Entry","إدخال دفتر اليومية",
"Journal Entry Account","حساب القيد اليومي",
"Journal Entry Number Series"," تسلسل القيود اليومية",
"Journal Entry Print Template","  قالب الطابعة القيود اليومية",
July,يوليو,
June,يونيو,
"Key Hints","تلميحات رئيسية",
Kg,,
Label,ملصق,
Language,اللغة,
"Left Index","المؤشر الأيسر",
"Legal Expenses","المصاريف القانونية",
"Less Filters","فلاتر أقل",
"Less Than","أقل من",
Liability,المسؤولية,
Limit,حد,
Link,وصلة,
"Link Validation Error","خطأ في التحقق من الرابط",
"Linked Entries","المدخلات المرتبطة",
List,قائمة,
"List View","عرض القائمة",
"Load an existing company from your computer","قم بتحميل شركة موجودة من جهاز الكمبيوتر الخاص بك",
"Loading Report...","جاري تحميل التقرير...",
"Loading instance...","جاري تحميل المثيل...",
Loading...,"تحميل...",
"Loans (Liabilities)","قروض (خصوم)",
"Loans and Advances (Assets)","القروض والسلف (الأصول)",
Locale,اللغة,
Location,موقع,
"Location Name","اسم الموقع",
Logo,الشعار,
"Make Entry"," ادخال جديد  ",
"Make Payment On Submit","ف/نقدا - قم بالدفع عند الترحيل",
"Make Purchase Receipt On Submit","فاتورة نقدا - قم إيصال الشراء عند الحفظ",
"Make Shipment On Submit","صرف مخزني - قم الشحنة عند ترحيل",
"Mandatory Error","خطأ إلزامي",
Manufacture,تصنيع,
"Manufacture Date","تاريخ التصنيع",
"Mar 23, 2022",,
March,مارس,
"Mark ${0} as submitted?","هل تريد وضع علامة على ${0} كمُرحل؟",
"Marketing Expenses","مصاريف التسويق",
"Material Issue","اصدارالمواد",
"Material Receipt","استلام المواد",
"Material Transfer","نقل المواد",
May,مايو,
Meter,,
Misc,متنوع,
Miscellaneous,متنوعة,
"Miscellaneous Expenses","مصاريف متنوعة",
Mo,,
Modified,تم التعديل,
"Modified By","تم التعديل بواسطة",
Monthly,شهرية,
Months,أشهر,
"Number of Months","عدد الأشهر",
More,أكثر,
"More Filters","المزيد من عوامل التصفية",
"More shortcuts will be added soon.",,
"Movement Type"," نوع التنقل ",
Name,الاسم,
Navigate,انتقل,
"Need ${0} Serial Numbers for Item ${1}. You have provided ${2}","نحتاج إلى ${0} أرقام تسلسلية للعنصر ${1}. لقد قدمت ${2}",
"Net Total","الإجمالي الصافي",
"New ${0}","جديد ${0}",
"New ${0} ${1}","جديد ${0} ${1}",
"New Account","حساب جديد",
"New Company","شركة جديدة",
"New Entry"," ادخال جديد ",
"New Template","قالب جديد",
No,لا,
"No Display Entries Found","لم يتم العثور على إدخالات العرض",
"No Print Templates not found for entry type ${0}","لم يتم العثور على قوالب الطباعة لنوع الإدخال ${0}",
"No Value","لا قيمة",
"No Values to be Displayed","لا توجد قيم ليتم عرضها",
"No entries found","لم يتم العثور على أي إدخالات",
"No entries were imported.","لم يتم استيراد أي إدخالات.",
"No expenses in this period","لا توجد نفقات في هذه الفترة",
"No filters selected","لم يتم تحديد عوامل تصفية",
"No linked entries found","لم يتم العثور على إدخالات مرتبطة",
"No results found","لم يتم العثور على نتائج",
"No rows added. Select a file or add rows.","لم تتم إضافة أي صفوف. حدد ملفًا أو أضف صفوفًا.",
"No transactions yet","لا توجد معاملات حتى الآن",
"Non Active Serial Number ${0} cannot be used as Manufacture raw material","لا يمكن استخدام الرقم التسلسلي غير النشط ${0} كمواد خام للتصنيع",
"Non Active Serial Number ${0} cannot be used for Material Issue","لا يمكن استخدام الرقم التسلسلي غير النشط ${0} لإصدار المواد",
"Non Active Serial Number ${0} cannot be used for Material Transfer","لا يمكن استخدام الرقم التسلسلي غير النشط ${0} لنقل المواد",
"Non Inactive Serial Number ${0} cannot be used for Material Receipt","لا يمكن استخدام الرقم التسلسلي غير النشط ${0} لاستلام المواد",
None,"لا شيء",
"Not Found","لم يتم العثور عليه",
"Not Saved","لم يتم الحفظ",
"Not Submitted","غير مرحلة",
"Not Transferred","لم يتم نقله",
Notes,ملاحظات,
November,نوفمبر,
"Number Display","لغة وعملة النظام",
"Number Series","سلسلة الأرقام",
"Number of ${0}","عدد ${0}",
"Number of Rows","عدد الصفوف",
October,أكتوبر,
"Office Equipments","معدات مكتبية",
"Office Maintenance Expenses","مصاريف صيانة المكاتب",
"Office Rent","إيجار مكتب",
Okay,,
"Onboarding Complete","اكتمال الإعداد",
"Only From or To can be set for Manufacture","يمكن تعيين "من" أو "إلى" فقط للتصنيع",
"Open Count","العدد المفتوح",
"Open Documentation"," ",
"Open Folder","فتح مجلد",
"Open Print View","فتح عرض الطباعة",
"Open Print View if Print is available.","افتح "عرض الطباعة" إذا كانت الطباعة متاحة.",
"Open Quick Search","فتح البحث السريع",
"Open Report Print View","فتح عرض طباعة التقرير",
"Open the Export Wizard modal","افتح نموذج معالج التصدير",
"Opening (Cr)","(Cr) الافتتاح",
"Opening (Dr)","(Dr) افتتاح",
"Opening Amount","المبلغ الافتتاحي",
"Opening Balance Equity","الرصيد الافتتاحي حقوق الملكية",
"Opening Balances","أرصدة الافتتاح",
"Opening Cash Amount can not be negative.","لا يمكن أن يكون مبلغ النقد الافتتاحي سلبيًا.",
"Opening Cash In Denominations","افتتاح النقد بالفئات",
"Opening Date","تاريخ الافتتاح",
"Opening Entry","ادخال الافتتاحية",
Options,خيارات,
Orange,,
Organisation,التنظيم,
Outflow,التدفق,
Outstanding,مستحق,
"Outstanding Amount","المبلغ المستحق",
POS,نقطة البيع,
"POS Counter Cash Account is not set. Please set it on POS Settings","لم يتم تعيين حساب النقد في نقطة البيع. يرجى تعيينه في إعدادات نقطة البيع",
"POS Customer","نقاط البيع للعملاء",
"POS Inventory is not set. Please set it on POS Settings","لم يتم ضبط مخزون نقاط البيع. يرجى ضبطه في إعدادات نقاط البيع",
"POS Settings","إعدادات نقاط البيع",
"POS Shift Amount","مبلغ تحويل نقاط البيع",
"POS Write Off Account is not set. Please set it on POS Settings","لم يتم تعيين حساب شطب نقاط البيع. يرجى تعيينه في إعدادات نقاط البيع",
"Pad Zeros","لوحة الأصفار",
Page,صفحة,
Paid,مدفوع,
"Paid ${0}","تم الدفع {0}$",
"Paid Change","التغيير المدفوع",
Parent,الرئيسي,
"Parent Account","الحساب الرئيسي",
Party,"مورد / عميل",
"Patch Run","تشغيل التصحيح",
Pay,دفع,
Payable,مستحق الدفع,
Payment,دفع,
"Payment ${0} is Saved","تم حفظ الدفعة ${0}",
"Payment For","الدفع مقابل",
"Payment Method","طريقة الدفع",
"Payment No","رقم الدفع",
"Payment Number Series"," تسلسل المدفوعات",
"Payment Print Template","  قالب الطابعة المدفوعات",
"Payment Reference","مرجع الدفع",
"Payment Type","نوع الدفع",
"Payment amount cannot be ${0}.","لا يمكن أن يكون مبلغ الدفعة ${0}",
"Payment amount cannot be less than zero.","مبلغ الدفعة لا يمكن أن يكون أقل من الصفر.",
"Payment amount cannot exceed ${0}.","مبلغ الدفعة لا يمكن أن يتجاوز ${0} .",
"Payment amount: ${0} should be greater than 0.","مبلغ الدفعة: ${0} يجب أن يكون أكبر من 0.",
"Payment amount: ${0} should be less than Outstanding amount: ${1}.","مبلغ الدفعة: ${0} يجب أن يكون أقل من المبلغ المستحق: ${1}",
"Payment of ${0} will be made from account ""${1}"" to account ""${2}"" on Submit.","سيتم دفع ${0} من الحساب ""${1}"" إلى الحساب ""${2}"" عند الإرسال.",
Payments,المدفوعات,
"Payroll Payable","الرواتب المستحقة الدفع",
"Pending Qty. ${0}","الكمية المعلقة ${0}",
"Pending qty. ${0}","الكمية المعلقة ${0}",
Periodicity,الدورية,
Phone,الهاتف,
"Pick Columns","اختيار الأعمدة",
"Pick Import Columns","اختيار أعمدة الاستيراد",
Pink,,
Place,مكان,
"Place of supply","مكان التوريد",
"Plants and Machineries","المصانع والآليات",
"Please Wait","الرجاء الانتظار",
"Please check Key Hints for valid key names",,
"Please create a ${0} entry to view Template Preview.","يرجى إنشاء إدخال ${0} لعرض معاينة القالب.",
"Please fill all values.","يرجى ملء جميع القيم.",
"Please restart and try again.","يرجى إعادة التشغيل والمحاولة مرة أخرى.",
"Please select a Print Template","الرجاء تحديد قالب الطباعة",
"Please select a valid reference type.","الرجاء تحديد نوع مرجع صالح.",
"Please set GSTIN in General Settings.",,
"Please set Round Off Account in the Settings.",,
"Please set a Display Doc","الرجاء تعيين مستند العرض",
"Point of Sale","نقطة البيع",
"Postal Code","الرمز البريدي",
"Postal Expenses","المصاريف البريدية",
"Posting Date","تاريخ النشر",
Prefix,بادئة,
"Price List"," قائمة الاسعار ",
"Price List Item","Price List Item",
"Prime Bank","البنك الرئيسي",
Print,طباعة,
"Print ${0}","طباعة ${0}",
"Print Settings","إعدادات الطباعة",
"Print Setup","إعداد الطباعة",
"Print Template","قالب الطباعة",
"Print Template Name not set","لم يتم تعيين اسم قالب الطباعة",
"Print Template is empty","قالب الطباعة فارغ",
"Print Templates"," قوالب الطباعة",
"Print View","عرض الطباعة",
"Print and Stationery","طباعة و المكتبة",
Product,"منتج ",
"Profit And Loss","تقرير الربح والخسارة",
"Profit and Loss","الربح والخسارة",
Purchase,شراء,
"Purchase Acc."," حساب شراء",
"Purchase Invoice"," فاتورة مشتريات ",
"Purchase Invoice Item","بند فاتورة الشراء",
"Purchase Invoice Number Series"," تسلسل فاتورة المشتريات",
"Purchase Invoice Print Template","  قالب الطابعة فاتورة المشتريات",
"Purchase Invoice Terms"," شروط فاتورة المشتريات",
"Purchase Invoices"," فاتورة مشتريات ",
"Purchase Item","شراء السلعة",
"Purchase Item Created","تم إنشاء عنصر الشراء",
"Purchase Items","شراء العناصر",
"Purchase Payment","دفعة الشراء",
"Purchase Payment Account"," حساب دفع المشتريات",
"Purchase Payments"," مدفوعات المشتريات ",
"Purchase Receipt"," ايصال  الشراء  ",
"Purchase Receipt Item","إيصال شراء العنصر",
"Purchase Receipt Location"," موقع استلام المشتريات",
"Purchase Receipt Number Series"," تسلسل  استلام المشتريات",
"Purchase Receipt Print Template","  قالب الطابعة استلام المشتريات",
"Purchase Receipt Terms"," شروط استلام المشتريات",
Purchases,المشتريات,
Purple,,
Purpose,الغرض,
"Qty in Batch","الكمية في الدفعة",
"Qty. ${0}","الكمية ${0}",
"Qty. in Transfer Unit","الكمية في وحدة النقل",
Quantity,الكمية,
"Quantity (${0}) has to be greater than zero","يجب أن تكون الكمية (${0}) أكبر من الصفر",
"Quantity needs to be set","يجب تحديد الكمية",
Quarterly,"ربع سنوي",
Quarters,أرباع,
"Quick Search","بحث سريع",
"Quick edit error: ${0} entry has no name.","خطأ في التعديل السريع: إدخال ${0} ليس له اسم.",
Quote,"عرض أسعار",
"Quote Reference","عرض أسعارمرجعي",
Rate,معدل,
"Rate (${0}) cannot be less zero.","لا يمكن أن يكون السعر (${0}) أقل من صفر.",
"Rate (${0}) has to be greater than zero","يجب أن يكون المعدل (${0}) أكبر من الصفر",
"Rate can't be negative.","لا يمكن أن يكون المعدل سالبًا",
"Rate needs to be set","يجب تحديد السعر",
"Raw Value: ${0}","القيمة الخام: ${0}",
Receivable,"مستحق القبض",
Receive,مقبوض,
Red,,
"Ref Name","اسم المرجع",
"Ref Type","  نوع المرجع",
"Ref. / Cheque No.","المرجع. / رقم الشيك",
"Ref. Date","المرجع. التاريخ",
"Ref. Name","المرجع. الاسم",
"Ref. Type","المرجع. النوع",
Reference,مرجع,
"Reference Date","تاريخ المرجع",
"Reference Number","الرقم المرجعي",
"Reference Type","نوع المرجع",
References,"  المرجع",
"Reload Frappe Books?","إعادة تحميل البرنامج؟",
Report,تقرير,
"Report Error"," ",
"Report Issue","   ",
"Report will use more than one page if required.","سيستخدم التقرير أكثر من صفحة واحدة إذا لزم الأمر.",
Reports,التقارير,
"Required fields not selected: ${0}","لم يتم تحديد الحقول المطلوبة: ${0}",
"Retained Earnings","الأرباح المحتجزة",
Return,إرتجاع,
"Return Against","ح مقابل",
"Return Issued","الإرجاع الصادر",
"Reverse Chrg.","الشحن العكسي",
Reverted,"تم إرجاعه",
Reverts,يرجع,
"Review Accounts","مراجعة الحسابات",
"Review your chart of accounts, add any account or tax heads as needed","راجع مخطط الحسابات الخاص بك، وأضف أي حسابات أو عناوين ضريبية حسب الحاجة",
"Right Index","الفهرس الأيمن",
Role,الدور,
"Root Type","نوع الجذر",
"Round Off","جولة خارج",
"Round Off Account","تقريب الحساب",
"Round Off Account Not Found","لم يتم العثور على حساب التقريب",
"Rounded Off","تقريب",
"Row ${0}","الصف ${0}",
Sa,,
Salary,الراتب,
Sales,المبيعات,
"Sales Acc."," حساب المبيعات",
"Sales Expenses","مصاريف المبيعات",
"Sales Invoice","فاتورة مبيعات",
"Sales Invoice ${0} is Submitted","تم مرحلة فاتورة المبيعات ${0}",
"Sales Invoice Item","اصناف فاتورة المبيعات",
"Sales Invoice Number Series"," تسلسل فاتورة المبيعات",
"Sales Invoice Print Template","  قالب الطابعة فاتورة المبيعات ",
"Sales Invoice Terms"," شروط فاتورة المبيعات",
"Sales Invoices","فواتير المبيعات",
"Sales Item",مخزون,
"Sales Item Created","تم انشاء صنف مبيعات",
"Sales Items","عناصر المبيعات",
"Sales Payment","دفع المبيعات",
"Sales Payment Account"," حساب دفع المبيعات",
"Sales Payments","مدفوعات المبيعات",
"Sales Quote","عرض المبيعات",
"Sales Quote Item","بند عرض أسعار المبيعات",
"Sales Quote Number Series","سلسلة أرقام عروض المبيعات",
"Sales Quote Print Template","نموذج طباعة عرض سعر المبيعات",
"Sales Quotes","عروض المبيعات",
"Sales and Purchase","مبيعات و مشتريات",
Save,حفظ,
"Save ${0}?","حفظ ${0}?",
"Save Customizations","حفظ التخصيصات",
"Save Template","حفظ النموذج",
"Save Template File",حفظ ملف النموذج,
"Save as PDF","حفظ كملف PDF",
"Save as PDF Successful","PDF حفظ كملف ناجح",
"Save changes made to ${0}?","حفظ التغييرات التي أجريتها على ${0}؟",
"Save or Submit an entry.","حفظ أو ترحيل إدخال.",
Saved,"تم الحفظ",
"Search an Item","البحث عن عنصر",
"Secured Loans","قروض مضمونة",
"Securities and Deposits","الأوراق المالية والودائع",
Select,تحديد,
"Select CoA","حدد شهادة توثيق البرامج",
"Select Color","تحديد اللون",
"Select Country","تحديد الدولة",
"Select File","تحديد ملف",
"Select Image","حدد صورة",
"Select Template File","حدد ملف القالب",
"Select a Display Doc to view the Template","حدد مستند العرض لعرض القالب",
"Select a Template type","اختر نوع القالب",
"Select a form type to customize","حدد نوع النموذج للتخصيص",
"Select a pre-defined page size, or set a custom page size for your Print Template.","حدد حجم صفحة محدد مسبقًا، أو قم بتعيين حجم صفحة مخصص لقالب الطباعة الخاص بك.",
"Select column","حدد العمود",
"Select file","تحديد ملف",
"Select folder","تحديد مجلد",
"Select the template type.","حدد نوع القالب.",
Selected,"تم التحديد",
September,سبتمبر,
"Serial Number","الرقم التسلسلي",
"Serial Number ${0} does not belong to the item ${1}.","الرقم التسلسلي ${0} لا ينتمي إلى العنصر ${1}.",
"Serial Number ${0} does not exist.","الرقم التسلسلي ${0} غير موجود.",
"Serial Number ${0} is not Active.","الرقم التسلسلي ${0} ليس نشطًا.",
"Serial Number ${0} is not Inactive","الرقم التسلسلي ${0} ليس غير نشط",
"Serial Number ${0} status is not Active.","حالة الرقم التسلسلي ${0} ليست نشطة.",
"Serial Number Description","وصف الرقم التسلسلي",
"Serial Number is enabled for Item ${0}","تم تمكين الرقم التسلسلي للعنصر ${0}",
"Serial Number is not enabled for Item ${0}","لم يتم تمكين الرقم التسلسلي للعنصر ${0}",
"Serial Number not set for row ${0}.","لم يتم تعيين الرقم التسلسلي للصف ${0}.",
"Serial Number set for row ${0}.","تم تعيين الرقم التسلسلي للصف ${0}.",
Service,الخدمة,
"Print Size","حجم الطباعة",
"Set Discount Amount","اعداد مبلغ الخصم",
"Set Period","الفترة المحددة",
"Set Print Size","تعيين حجم الطباعة",
"Set Template Type","تعيين نوع القالب",
"Set Up","إعداد",
"Set Up Your Workspace","إعداد مساحة العمل الخاصة بك",
"Set a Template value to see the Print Template","قم بتعيين قيمة القالب لرؤية قالب الطباعة",
"Set an Import Type","تعيين نوع الاستيراد",
"Set the display language.","ضبط لغة العرض.",
"Set the local code. This is used for number formatting.","اضبط الكود المحلي. يستخدم هذا لتنسيق الأرقام",
"Set up your company information, email, country and fiscal year","قم بإعداد معلومات شركتك والبريد الإلكتروني والدولة والسنة المالية",
"Set up your opening balances before performing any accounting entries","قم بإعداد أرصدتك الافتتاحية قبل إجراء أي إدخالات محاسبية",
"Set up your organization","إعداد منظمتك",
"Set up your tax templates for your sales or purchase transactions","قم بإعداد قوالب الضرائب الخاصة بمعاملات البيع أو الشراء الخاصة بك",
"Sets how many digits are shown after the decimal point.","تعيين عدد الأرقام التي تظهر بعد العلامة العشرية.",
"Sets the app-wide date display format.","يضبط تنسيق عرض التاريخ على مستوى التطبيق.",
"Sets the internal precision used for monetary calculations. Above 6 should be sufficient for most currencies.","يضبط الدقة الداخلية المستخدمة في الحسابات النقدية. يجب أن يكون الرقم الأعلى من 6 كافيًا لمعظم العملات",
"Setting Up Instance","إعداد المثيل",
Settings,الإعدادات,
Setup,الإعداد,
"Setup Complete","اكتمل الإعداد",
"Setup Wizard","معالج الإعداد",
"Setup system defaults like date format and display precision","إعداد إعدادات النظام الافتراضية مثل تنسيق التاريخ ودقة العرض",
Shipment,"صرف مخزني - شحن",
"Shipment ${0} is Submitted","تم إرسال ال شحنة ${0}",
"Shipment Item","عنصر شحن",
"Shipment Location"," موقع شحن البضاعة",
"Shipment Number Series"," تسلسل  شحن المخزون",
"Shipment Print Template","  قالب الطابعة شحن البضائع",
"Shipment Terms"," شروط شحن البضائع",
Shortcuts,"  الاختصارات",
"Should entries be submitted after syncing?",هل يجب تقديم الإدخالات بعد المزامنة؟,
"Show HSN","إظهار رقم HSN",
"Show Me",أرني,
"Show Month/Year","إظهار الشهر/السنة",
"Single Value","قيمة واحدة",
"Skip Child Tables","تخطي الجداول الفرعية",
"Skip Transactions","تخطي المعاملات",
"Smallest Currency Fraction Value","أصغر قيمة لكسر العملة",
Softwares,البرامج,
"Something has gone terribly wrong. Please check the console and raise an issue.","لقد حدث خطأ ما بشكل رهيب. يرجى التحقق من وحدة التحكم وإثارة المشكلة",
"Source of Funds (Liabilities)","مصدر الأموال (الخصوم)",
"Standard Chart of Accounts","المخطط القياسي للحسابات",
Start,ابدأ,
"Start From Row Index","ابدأ من فهرس الصف",
State,الدولة,
"State Tax","ضريبة الولاية",
Status,الحالة,
Stock,مخزون,
"Stock Adjustment","تسوية المخزون",
"Stock Assets","أصول المخزون",
"Stock Balance"," رصيد المخزون  ",
"Stock Entries","إدخالات المخزون",
"Stock Expenses","مصاريف المخزون",
"Stock In Hand","المخزون في متناول اليد",
"Stock In Hand Acc."," حساب المخزون في متناول اليد",
"Stock Ledger","دفتر الجرد الرئيسي للمخزون ",
"Stock Ledger Entry","إدخال دفتر الأستاذ للمخزون",
"Stock Liabilities","مطلوبات المخزون",
"Stock Movement"," حركة المخزون",
"Stock Movement Item","عنصر حركة المخزون",
"Stock Movement No."," رقم تنقلات المخزون ",
"Stock Movement Number Series"," تسلسل تنقلات المخزون",
"Stock Movement Print Template","  قالب الطابعة تنقلات المخزون",
"Stock Movements","حركة الخزون",
"Stock Not Received","لم يتم استلام المخزون",
"Stock Not Shipped","المخزون غير مشحون",
"Stock Not Transferred","لم يتم نقل المخزون",
"Stock Received But Not Billed","تم استلام المخزون ولكن لم يتم إصدار فاتورة به",
"Stock Received But Not Billed Acc."," حساب استلام المخزون من المورد ولم يتم إصدار فاتورة ",
"Stock Transfer Item","عنصر نقل المخزون",
"Stock Unit","وحدة المخزون",
StockTransfer,"نقل المخزون",
Stores," المخازن",
Su,,
Submit,ترحيل,
"Submit ${0}?","ترحيل ${0}؟",
"Submit & Print","حفظ وطباعة",
"Submit entries?","حفظ الإدخالات؟",
Submitted,مرحل,
Success,نجاح,
Supplier,المورد,
"Supplier Created","إنشاء المورد",
Suppliers,الموردون,
Symbol,الرمز,
System,النظام,
"System Settings","إعدادات النظام",
"System Setup","إعداد النظام",
Table,جدول,
Target,هدف,
Tax,الضريبة,
"Tax Account","حساب الضرائب",
"Tax Amount","مبلغ الضريبة",
"Tax Assets","الأصول الضريبية",
"Tax Detail","التفاصيل الضريبية",
"Tax ID","المعرّف الضريبي",
"Tax Invoice Account","حساب الفاتورة الضريبية",
"Tax Payment Account","حساب دفع الضرائب",
"Tax Rate","معدل الضريبة",
"Tax Summary","ملخص  الضريبة",
"Tax Template","نموذج الضريبة",
"Tax Templates","قوالب الضرائب",
"Tax and Totals","الضرائب والمجموعات",
"Taxable Value","القيمة الخاضعة للضريبة",
"Taxed Amount","المبلغ الخاضع للضريبة",
Taxes,الضرائب,
"Taxes and Charges","الضرائب والرسوم",
Teal,,
"Telephone Expenses","مصاريف الهاتف",
Template,قالب,
"Template Builder","منشئ القالب",
"Template Compilation Error","خطأ في تجميع القالب",
"Template Name","لغة وعملة النظام",
"Template Type","نوع القالب",
"Template file saved","تم حفظ ملف القالب",
Temporary,مؤقت,
"Temporary Accounts","حسابات مؤقتة",
"Temporary Opening","الافتتاح المؤقت",
Terms,الشروط,
Text,نص,
Th,,
"The following characters cannot be used ${0} in a Number Series name.","لا يمكن استخدام الأحرف التالية ${0} في اسم سلسلة الأرقام.",
"The following items have insufficient quantity for Shipment: ${0}","العناصر التالية ليس لديها كمية كافية للشحن: ${0}",
"This Month","هذا الشهر",
"This Quarter","هذا الربع",
"This Year","هذه السنة",
"This action is permanent","هذا العمل دائم",
"This action is permanent and will cancel the following payment: ${0}","هذا الإجراء نهائي وسيؤدي إلى إلغاء الدفعة التالية: ${0}",
"This action is permanent and will cancel the following payments: ${0}","هذا الإجراء نهائي وسيؤدي إلى إلغاء الدفعات التالية: ${0} ",
"This action is permanent and will delete associated ledger entries.","هذا الإجراء دائم وسوف يؤدي إلى حذف إدخالات الدفتر المرتبطة به.",
"This action is permanent.","هذا الإجراء دائم.",
"Times New Roman",,
To,إلى,
"To Account",الحساب,
"To Account and From Account can't be the same: ${0}","لا يمكن أن يكون "إلى الحساب" و"من الحساب" هو نفسه: ${0}",
"To Date","حتى تاريخ",
"To Loc.","الى الموقع",
"To Year","حتى سنة",
"Toggle Edit Mode","تبديل وضع التحرير",
"Toggle Key Hints","تلميحات تبديل المفاتيح",
"Toggle Linked Entries widget, not available in Quick Edit view.","أداة تبديل الإدخالات المرتبطة، غير متوفرة في عرض التحرير السريع.",
"Toggle between form and full width","التبديل بين النموذج والعرض الكامل",
"Toggle sidebar","تبديل الشريط الجانبي",
"Toggle the Create filter","تبديل مرشح الإنشاء",
"Toggle the Docs filter","تبديل مرشح المستندات",
"Toggle the List filter","تبديل عامل تصفية القائمة",
"Toggle the Page filter","تبديل عامل تصفية الصفحة",
"Toggle the Report filter","تبديل مرشح التقرير",
"Top Expenses","أهم المصروفات",
Total,اجمالى,
"Total Amount","المبلغ الإجمالي",
"Total Asset (Debit)","اجمالى الاصول(مدين)",
"Total Debit: ${0} must be equal to Total Credit: ${1}","إجمالي المدين: ${0} يجب أن يكون مساويًا لإجمالي الدائن: ${1}",
"Total Discount","الخصم الإجمالي",
"Total Equity (Credit)","اجمالى حقوق الملكية(دائن)",
"Total Expense (Debit)","اجمالى المصروفات(مدين)",
"Total Income (Credit)","اجمالى الدخل(دائن)",
"Total Liability (Credit)","اجمالى الالتزامات(دائن)",
"Total Profit","اجمالى الربح",
"Total Quantity","إجمالي الكمية",
"Total Spending","إجمالي الإنفاق",
"Track Inventory","تتبع المخزون",
Transfer,تحويل,
"Transfer No"," رقم نقل الشحنة",
"Transfer Type","نوع التحويل",
"Transfer Unit","وحدة التحويل",
"Transfer Unit ${0} is not applicable for Item ${1}","وحدة النقل ${0} غير قابلة للتطبيق على العنصر ${1}",
"Transfer will cause future entries to have negative stock.","سوف يؤدي النقل إلى أن يكون المخزون المستقبلي سلبيا.",
"Travel Expenses","مصاريف السفر",
"Trial Balance","تقرير ميزان المراجعة",
Tu,,
Type,النوع,
"Type to search...","اكتب حتى يتم البحث",
UOM,"وحدة القياس",
"UOM Conversion Item","عنصر تحويل وحدة القياس",
"UOM Conversions","وحدة القياس",
Unit," قطعة",
"Unit Type","نوع الوحدة",
Unpaid,"غير مدفوعة",
"Unpaid ${0}","غير مدفوع ${0}",
"Unsecured Loans","قروض غير مضمونة",
"Until Date","حتى تاريخ",
"Use Full Width","استخدام العرض الكامل",
"Use List Filters","استخدام مرشحات القائمة",
"User Remark","ملاحظة المستخدم",
"Utility Expenses","نفقات المرافق",
"Validation Error","خطأ في التحقق",
Value,القيمة,
"Value missing for ${0}","القيمة مفقودة لـ ${0}",
"Value: ${0}",,
Version,,
View,عرض,
"View Accounting Entries","عرض القيود المحاسبية",
"View Paid Invoices","عرض الفواتير المدفوعة",
"View Purchases","عرض المشريات",
"View Sales","عرض  المبيعات",
"View Stock Entries","عرض إدخالات المخزون",
"View Unpaid Invoices","عرض الفواتير غير المدفوعة",
"View linked entries","عرض الإدخالات المرتبطة",
We,,
"Welcome to Frappe Books","مرحبًا بكم في برنامج المحاسبة",
"Welcome to Accounting","مرحبًا بكم في برنامج المحاسبة",
"Width (in cm)",,
"Write Off",شطب,
"Write Off Account","شطب الحساب",
"Write Off Account ${0} does not exist. Please set Write Off Account in General Settings","حساب الشطب ${0} غير موجود. يرجى ضبط حساب الشطب في الإعدادات العامة",
"Write Off Account not set. Please set Write Off Account in General Settings","شطب الحساب لم يتم تعيينه. يرجى تعيين حساب الشطب في الإعدادات العامة",
"Write Off Entry","شطب الإدخال",
"Year to Date","السنة حتى الآن",
Yearly,سنوي,
Years,سنوات,
Yellow,اصفر,
Yes,نعم,
"check values and click on","تحقق من القيم وانقر على",
"in Batch ${0}","في الدفعة ${0}",
john@doe.com,,
"to apply changes","لتطبيق التغييرات",
"Open POS Shift","فتح نقطة بيع",
Accounting,الحسابات,
"Set up your company information, email, country and fiscal year","قم بإعداد معلومات شركتك والبريد الإلكتروني والبلد والسنة المالية",
"Setup system defaults like date format and display precision","إعداد الإعدادات الافتراضية للنظام مثل تنسيق التاريخ ودقة العرض",
"Review your chart of accounts, add any account or tax heads as needed","راجع مخطط الحسابات الخاص بك ، وأضف أي حساب أو رؤساء الضرائب حسب الحاجة",
"Set up your opening balances before performing any accounting entries","قم بإعداد الأرصدة الافتتاحية قبل إجراء أي إدخالات محاسبية",
"Enter Barcode","أدخل الباركود",
"Sales Teams","فريق المبيعات",
Coupons,كوبونات,
"Please create a Quote entry to view Template Preview.","يرجى إنشاء إدخال عرض الأسعار لعرض معاينة القالب.",
Main,الرئيسية,
"Reload Accounting Program?","إعادة تحميل برنامج المحاسبة؟",
"Loyalty Program","برنامج الولاء",
"Pricing Rule","قاعدة التسعير",
"Coupon Code","رمز الكوبون",
held,حجز,
"Pay & Print","الدفع والطباعة",
CASH,نقدا,
BANK,بنك,
TRANSFER,تحويل,
"Closing Amounts","مبالغ الإغلاق",
"Enable Pricing Rule","تمكين قاعدة التسعير",
"Enable Loyalty Program","تفعيل برنامج الولاء",
"Enable Coupon Code","تفعيل رمز الكربون",
"Enable Lead","تمكين العميل المحتمل",
"Weigth Enabled Barcode","تمكين الباركود",
"Check Digits","التحقق من الأرقام",
"item Weight Digits","أرقام وزن السلعة",
"Item Code Digits","أرقام كود الصنف",
"Allow to bypass filters","السماح بتجاوز فلترات",
Lead,"عميل محتمل",
Mobile,جوال,
Open,مفتوح,
Replied,"تم الرد",
Interested,المهتمين,
"Discount Type","نوع الخصم",
"Display Time In Invoice","عرض الوقت في الفاتورة",
"Display Amount In Words","عرض المبلغ بالكلمات",
"Pos Print Width","عرض الطباعة في نقطة البيع",
"Pos Ui","واجهة مستخدم نقطة البيع",
Subtotal,"المجموع الفرعي",
TO,الى,
FROM,من,
"Grid View","عرض الشبكة",
"Sales Invoice List","قائمة فواتير المبيعات",
"Available Qty","الكمية المتوفرة",
"Apply Price List","تطبيق قائمة الأسعار",
"Transfer Quantity","نقل الكمية",
"Closing Cash","إغلاق النقدية",
Discount,خصم,
"Limit number of rows","الحد رقم من السطور",
Custom,مخصص,
Price,سعر,
Qty,كمية,
Tendered,المدفوع,
"Thank You Visit Again","شكرا لزيارتكم مرة أخرى",
"Net Total To Pay","صافي المجموع للدفع",
"Vat Summary","ملخص بعد ضريبة المضافة",
"Total Ex.Vat","مجموع ضريبة المضافة",
"Grand Total In Words:","المجموع الكلي بالكلمات:",
Notes,ملاحظات,
Theme,"سمة البرنامج",
"Pricing Rule Detail","تفاصيل قواعد التسعير",
none,"لا شيء",
"Cash In Denominationst","نقدا بالفئة",
"Balance Qty.","رصيد الكمية",
"Balance Value","قيمة الكمية",
"Opening Qty.","كمية افتتاحية",
"Opening Value","قيمة افتتاحية",
"In Qty.","كمية وارد",
"In Value","قيمة وارد",
"Out Qty.","كمية صادرة",
"Out Value","قيمة الصادرة",
"Valuation rate","معدل التقييم",
"Print Failed","فشل في الطباعة",
"Incoming rate","معدل الوارد",
"Value Change","القيمةالمتغيرة",
"Loyalty Points","نقاط الولاء",
"Applied Coupon Codes","تطبيق اكواد الكربون",
"Continue","متابعة",
"Clicking continue will remove all the selected items.","سيؤدي النقر فوق متابعة إلى إزالة كافة العناصر المحددة.",
Alert,تنبيه,